day,region,is_treated_region,is_post_rollout,n_visitors,conversions,conversion_rate
0,west,True,False,1000,87,0.087
0,east,False,False,1000,55,0.055
1,west,True,False,1000,74,0.074
1,east,False,False,1000,59,0.059
2,west,True,False,1000,82,0.082
2,east,False,False,1000,81,0.081
3,west,True,False,1000,86,0.086
3,east,False,False,1000,80,0.08
4,west,True,False,1000,103,0.103
4,east,False,False,1000,74,0.074
5,west,True,False,1000,84,0.084
5,east,False,False,1000,66,0.066
6,west,True,False,1000,89,0.089
6,east,False,False,1000,70,0.07
7,west,True,False,1000,102,0.102
7,east,False,False,1000,75,0.075
8,west,True,False,1000,90,0.09
8,east,False,False,1000,70,0.07
9,west,True,False,1000,86,0.086
9,east,False,False,1000,86,0.086
10,west,True,False,1000,78,0.078
10,east,False,False,1000,61,0.061
11,west,True,False,1000,88,0.088
11,east,False,False,1000,68,0.068
12,west,True,False,1000,74,0.074
12,east,False,False,1000,101,0.101
13,west,True,False,1000,72,0.072
13,east,False,False,1000,79,0.079
14,west,True,False,1000,92,0.092
14,east,False,False,1000,88,0.088
15,west,True,False,1000,110,0.11
15,east,False,False,1000,92,0.092
16,west,True,False,1000,100,0.1
16,east,False,False,1000,88,0.088
17,west,True,False,1000,94,0.094
17,east,False,False,1000,89,0.089
18,west,True,False,1000,100,0.1
18,east,False,False,1000,60,0.06
19,west,True,False,1000,94,0.094
19,east,False,False,1000,77,0.077
20,west,True,False,1000,111,0.111
20,east,False,False,1000,94,0.094
21,west,True,False,1000,102,0.102
21,east,False,False,1000,69,0.069
22,west,True,False,1000,85,0.085
22,east,False,False,1000,85,0.085
23,west,True,False,1000,120,0.12
23,east,False,False,1000,90,0.09
24,west,True,False,1000,87,0.087
24,east,False,False,1000,80,0.08
25,west,True,False,1000,119,0.119
25,east,False,False,1000,90,0.09
26,west,True,False,1000,85,0.085
26,east,False,False,1000,81,0.081
27,west,True,False,1000,92,0.092
27,east,False,False,1000,81,0.081
28,west,True,False,1000,108,0.108
28,east,False,False,1000,80,0.08
29,west,True,False,1000,109,0.109
29,east,False,False,1000,91,0.091
30,west,True,True,1000,107,0.107
30,east,False,True,1000,85,0.085
31,west,True,True,1000,138,0.138
31,east,False,True,1000,112,0.112
32,west,True,True,1000,147,0.147
32,east,False,True,1000,105,0.105
33,west,True,True,1000,138,0.138
33,east,False,True,1000,99,0.099
34,west,True,True,1000,116,0.116
34,east,False,True,1000,112,0.112
35,west,True,True,1000,148,0.148
35,east,False,True,1000,92,0.092
36,west,True,True,1000,135,0.135
36,east,False,True,1000,107,0.107
37,west,True,True,1000,144,0.144
37,east,False,True,1000,94,0.094
38,west,True,True,1000,131,0.131
38,east,False,True,1000,102,0.102
39,west,True,True,1000,133,0.133
39,east,False,True,1000,97,0.097
40,west,True,True,1000,136,0.136
40,east,False,True,1000,98,0.098
41,west,True,True,1000,138,0.138
41,east,False,True,1000,115,0.115
42,west,True,True,1000,132,0.132
42,east,False,True,1000,91,0.091
43,west,True,True,1000,125,0.125
43,east,False,True,1000,107,0.107
44,west,True,True,1000,140,0.14
44,east,False,True,1000,102,0.102
45,west,True,True,1000,150,0.15
45,east,False,True,1000,88,0.088
46,west,True,True,1000,149,0.149
46,east,False,True,1000,109,0.109
47,west,True,True,1000,140,0.14
47,east,False,True,1000,112,0.112
48,west,True,True,1000,134,0.134
48,east,False,True,1000,100,0.1
49,west,True,True,1000,159,0.159
49,east,False,True,1000,121,0.121
50,west,True,True,1000,148,0.148
50,east,False,True,1000,139,0.139
51,west,True,True,1000,159,0.159
51,east,False,True,1000,108,0.108
52,west,True,True,1000,172,0.172
52,east,False,True,1000,95,0.095
53,west,True,True,1000,145,0.145
53,east,False,True,1000,135,0.135
54,west,True,True,1000,137,0.137
54,east,False,True,1000,124,0.124
55,west,True,True,1000,159,0.159
55,east,False,True,1000,105,0.105
56,west,True,True,1000,157,0.157
56,east,False,True,1000,102,0.102
57,west,True,True,1000,148,0.148
57,east,False,True,1000,124,0.124
58,west,True,True,1000,151,0.151
58,east,False,True,1000,105,0.105
59,west,True,True,1000,152,0.152
59,east,False,True,1000,103,0.103
